{"cameraMode":{"drawMode":0,"name":"Shaded","section":"Shading Mode"},"sceneLighting":true,"audioPlay":false,"sceneViewState":{"m_AlwaysRefresh":false,"showFog":true,"showSkybox":true,"showFlares":true,"showImageEffects":true,"showParticleSystems":true,"showVisualEffectGraphs":true,"m_FxEnabled":true},"in2DMode":false,"pivot":{"x":4.010000228881836,"y":0.22300000488758088,"z":1.4759999513626099},"rotation":{"x":-0.02976241335272789,"y":0.9702216386795044,"z":-0.1693541407585144,"w":-0.17056019604206086},"size":0.7428565621376038,"orthographic":false}