{"cameraMode":{"drawMode":0,"name":"Shaded","section":"Shading Mode"},"sceneLighting":true,"audioPlay":false,"sceneViewState":{"m_AlwaysRefresh":false,"showFog":true,"showSkybox":true,"showFlares":true,"showImageEffects":true,"showParticleSystems":true,"showVisualEffectGraphs":true,"m_FxEnabled":true},"in2DMode":false,"pivot":{"x":5.960464477539063e-8,"y":0.12000000476837158,"z":-1.4000000953674317},"rotation":{"x":0.19534160196781159,"y":0.04442071542143822,"z":-0.008856821805238724,"w":0.9796947836875916},"size":1.3336821794509888,"orthographic":false}